hamFreq,spamFreq,hamCount,spamCount
0.8659849300322928,0.1340150699677072,4827,747
